image_path,target
/content/drive/MyDrive/train_image/Hamza ‍‌ء/Hamza ‍‌ء5.jpg,11
/content/drive/MyDrive/train_image/Ray ر/Ray ر7.jpg,18
/content/drive/MyDrive/train_image/Meem م/Meem م3.jpg,36
/content/drive/MyDrive/train_image/Djay ژ/Djay ژ14.jpg,22
/content/drive/MyDrive/train_image/Daal  د/Daal  د11.jpg,34
/content/drive/MyDrive/train_image/Laam ل/Laam ل22.jpg,2
/content/drive/MyDrive/train_image/Gaaf گ/Gaaf گ18.jpg,31
/content/drive/MyDrive/train_image/Noon ن/Noon ن9.jpg,20
/content/drive/MyDrive/train_image/Hamza ‍‌ء/Hamza ‍‌ء2.jpg,22
/content/drive/MyDrive/train_image/Aliph ا/Aliph ا26.jpg,3
/content/drive/MyDrive/train_image/Fay ف/Fay ف16.jpg,18
/content/drive/MyDrive/train_image/Ain ع/Ain ع14.jpg,1
/content/drive/MyDrive/train_image/Seen س/Seen س0.jpg,19
/content/drive/MyDrive/train_image/Quaaf ق/Quaaf ق7.jpg,16
/content/drive/MyDrive/train_image/Chhoti yeh ی/Chhoti yeh ی8.jpg,11
/content/drive/MyDrive/train_image/Kaaf ک/Kaaf ک9.jpg,33
/content/drive/MyDrive/train_image/Bari yeh ے/Bari yeh ے14.jpg,15
/content/drive/MyDrive/train_image/Bay ب/Bay ب6.jpg,36
/content/drive/MyDrive/train_image/hey ح/hey ح25.jpg,0
/content/drive/MyDrive/train_image/Ain ع/Ain ع4.jpg,25
/content/drive/MyDrive/train_image/Khay خ/Khay خ16.jpg,32
/content/drive/MyDrive/train_image/Toay_n ط/Toay_n ط15.jpg,28
/content/drive/MyDrive/train_image/Jeem ج/Jeem ج2.jpg,6
/content/drive/MyDrive/train_image/Pay پ/Pay پ3.jpg,19
/content/drive/MyDrive/train_image/Laam ل/Laam ل5.jpg,1
/content/drive/MyDrive/train_image/Jeem ج/Jeem ج24.jpg,35
/content/drive/MyDrive/train_image/aRay ڑ/aRay ڑ21.jpg,8
/content/drive/MyDrive/train_image/Hay ہ/Hay ہ0.jpg,15
/content/drive/MyDrive/train_image/Hamza ‍‌ء/Hamza ‍‌ء24.jpg,35
/content/drive/MyDrive/train_image/Dhuaad ض/Dhuaad ض7.jpg,12
/content/drive/MyDrive/train_image/Fay ف/Fay ف15.jpg,30
/content/drive/MyDrive/train_image/Sheen ‎‎ش/Sheen ‎‎ش4.jpg,8
/content/drive/MyDrive/train_image/Pay پ/Pay پ1.jpg,8
/content/drive/MyDrive/train_image/Kaaf ک/Kaaf ک10.jpg,12
/content/drive/MyDrive/train_image/Ghain غ/Ghain غ2.jpg,31
/content/drive/MyDrive/train_image/aRay ڑ/aRay ڑ12.jpg,26
/content/drive/MyDrive/train_image/Dhaal ذ/Dhaal ذ7.jpg,31
/content/drive/MyDrive/train_image/Daal ڈ/Daal ڈ24.jpg,32
/content/drive/MyDrive/train_image/Laam ل/Laam ل0.jpg,17
/content/drive/MyDrive/train_image/Tay ت/Tay ت3.jpg,19
/content/drive/MyDrive/train_image/Zoay_n ظ/Zoay_n ظ24.jpg,11
/content/drive/MyDrive/train_image/Ghain غ/Ghain غ3.jpg,27
/content/drive/MyDrive/train_image/Quaaf ق/Quaaf ق9.jpg,1
/content/drive/MyDrive/train_image/Tay ت/Tay ت14.jpg,19
/content/drive/MyDrive/train_image/Dhuaad ض/Dhuaad ض22.jpg,18
/content/drive/MyDrive/train_image/Hay ہ/Hay ہ14.jpg,24
/content/drive/MyDrive/train_image/Hay ہ/Hay ہ25.jpg,0
/content/drive/MyDrive/train_image/Vao و/Vao و13.jpg,16
/content/drive/MyDrive/train_image/Thay ث/Thay ث8.jpg,9
/content/drive/MyDrive/train_image/Chhoti yeh ی/Chhoti yeh ی2.jpg,11
/content/drive/MyDrive/train_image/Hamza ‍‌ء/Hamza ‍‌ء20.jpg,34
/content/drive/MyDrive/train_image/Tay ت/Tay ت16.jpg,3
/content/drive/MyDrive/train_image/Thay ث/Thay ث12.jpg,27
/content/drive/MyDrive/train_image/Sheen ‎‎ش/Sheen ‎‎ش5.jpg,1
/content/drive/MyDrive/train_image/Fay ف/Fay ف12.jpg,3
/content/drive/MyDrive/train_image/Laam ل/Laam ل17.jpg,28
/content/drive/MyDrive/train_image/Chay چ/Chay چ19.jpg,0
/content/drive/MyDrive/train_image/Meem م/Meem م26.jpg,20
/content/drive/MyDrive/train_image/Kaaf ک/Kaaf ک11.jpg,5
/content/drive/MyDrive/train_image/Zoay_n ظ/Zoay_n ظ15.jpg,15
/content/drive/MyDrive/train_image/Zoay_n ظ/Zoay_n ظ25.jpg,30
/content/drive/MyDrive/train_image/Fay ف/Fay ف23.jpg,2
/content/drive/MyDrive/train_image/aRay ڑ/aRay ڑ18.jpg,23
/content/drive/MyDrive/train_image/Tay ت/Tay ت9.jpg,16
/content/drive/MyDrive/train_image/Pay پ/Pay پ6.jpg,25
/content/drive/MyDrive/train_image/aRay ڑ/aRay ڑ13.jpg,2
/content/drive/MyDrive/train_image/Hay ہ/Hay ہ1.jpg,33
/content/drive/MyDrive/train_image/Chhoti yeh ی/Chhoti yeh ی1.jpg,21
/content/drive/MyDrive/train_image/Suaad ص/Suaad ص12.jpg,12
/content/drive/MyDrive/train_image/Hamza ‍‌ء/Hamza ‍‌ء11.jpg,29
/content/drive/MyDrive/train_image/Chay چ/Chay چ20.jpg,18
/content/drive/MyDrive/train_image/Jeem ج/Jeem ج21.jpg,23
/content/drive/MyDrive/train_image/Bari yeh ے/Bari yeh ے10.jpg,2
/content/drive/MyDrive/train_image/Ghain غ/Ghain غ24.jpg,21
/content/drive/MyDrive/train_image/Hay ہ/Hay ہ10.jpg,22
/content/drive/MyDrive/train_image/Suaad ص/Suaad ص5.jpg,32
/content/drive/MyDrive/train_image/Fay ف/Fay ف21.jpg,6
/content/drive/MyDrive/train_image/Toay_n ط/Toay_n ط4.jpg,28
/content/drive/MyDrive/train_image/Hamza ‍‌ء/Hamza ‍‌ء15.jpg,25
/content/drive/MyDrive/train_image/Bari yeh ے/Bari yeh ے26.jpg,31
/content/drive/MyDrive/train_image/Pay پ/Pay پ4.jpg,36
/content/drive/MyDrive/train_image/Quaaf ق/Quaaf ق24.jpg,6
/content/drive/MyDrive/train_image/Gaaf گ/Gaaf گ22.jpg,34
/content/drive/MyDrive/train_image/Hamza ‍‌ء/Hamza ‍‌ء10.jpg,15
/content/drive/MyDrive/train_image/aRay ڑ/aRay ڑ1.jpg,36
/content/drive/MyDrive/train_image/Noon ن/Noon ن12.jpg,19
/content/drive/MyDrive/train_image/Meem م/Meem م15.jpg,13
/content/drive/MyDrive/train_image/Ain ع/Ain ع18.jpg,28
/content/drive/MyDrive/train_image/Daal  د/Daal  د6.jpg,14
/content/drive/MyDrive/train_image/Ray ر/Ray ر2.jpg,24
/content/drive/MyDrive/train_image/Sheen ‎‎ش/Sheen ‎‎ش15.jpg,5
/content/drive/MyDrive/train_image/Pay پ/Pay پ8.jpg,23
/content/drive/MyDrive/train_image/Toay_n ط/Toay_n ط26.jpg,17
/content/drive/MyDrive/train_image/Chay چ/Chay چ2.jpg,9
/content/drive/MyDrive/train_image/Thay ث/Thay ث3.jpg,5
/content/drive/MyDrive/train_image/Pay پ/Pay پ20.jpg,9
/content/drive/MyDrive/train_image/Tay ت/Tay ت1.jpg,6
/content/drive/MyDrive/train_image/Vao و/Vao و20.jpg,26
/content/drive/MyDrive/train_image/Thay ث/Thay ث19.jpg,7
/content/drive/MyDrive/train_image/aRay ڑ/aRay ڑ9.jpg,32
/content/drive/MyDrive/train_image/Ghain غ/Ghain غ19.jpg,31
/content/drive/MyDrive/train_image/Pay پ/Pay پ18.jpg,4
/content/drive/MyDrive/train_image/Noon ن/Noon ن3.jpg,21
/content/drive/MyDrive/train_image/Meem م/Meem م25.jpg,23
/content/drive/MyDrive/train_image/Thay ث/Thay ث25.jpg,25
/content/drive/MyDrive/train_image/Ray ر/Ray ر14.jpg,13
/content/drive/MyDrive/train_image/Vao و/Vao و1.jpg,17
/content/drive/MyDrive/train_image/Jeem ج/Jeem ج12.jpg,4
/content/drive/MyDrive/train_image/Tay ت/Tay ت15.jpg,8
/content/drive/MyDrive/train_image/Khay خ/Khay خ12.jpg,36
/content/drive/MyDrive/train_image/Kaaf ک/Kaaf ک3.jpg,20
/content/drive/MyDrive/train_image/Dhaal ذ/Dhaal ذ14.jpg,6
/content/drive/MyDrive/train_image/Bay ب/Bay ب18.jpg,9
/content/drive/MyDrive/train_image/Pay پ/Pay پ17.jpg,14
/content/drive/MyDrive/train_image/Seen س/Seen س14.jpg,35
/content/drive/MyDrive/train_image/Toay_n ط/Toay_n ط16.jpg,22
/content/drive/MyDrive/train_image/aRay ڑ/aRay ڑ22.jpg,14
/content/drive/MyDrive/train_image/Djay ژ/Djay ژ16.jpg,6
/content/drive/MyDrive/train_image/Hay ہ/Hay ہ4.jpg,28
/content/drive/MyDrive/train_image/Chay چ/Chay چ14.jpg,6
/content/drive/MyDrive/train_image/Djay ژ/Djay ژ11.jpg,12
/content/drive/MyDrive/train_image/Daal  د/Daal  د23.jpg,21
/content/drive/MyDrive/train_image/Thay ث/Thay ث10.jpg,31
/content/drive/MyDrive/train_image/Vao و/Vao و21.jpg,3
/content/drive/MyDrive/train_image/hey ح/hey ح8.jpg,4
/content/drive/MyDrive/train_image/Djay ژ/Djay ژ25.jpg,3
/content/drive/MyDrive/train_image/Aliph ا/Aliph ا14.jpg,5
/content/drive/MyDrive/train_image/Chay چ/Chay چ11.jpg,5
/content/drive/MyDrive/train_image/Seen س/Seen س15.jpg,24
/content/drive/MyDrive/train_image/Gaaf گ/Gaaf گ10.jpg,20
/content/drive/MyDrive/train_image/Toay_n ط/Toay_n ط3.jpg,24
/content/drive/MyDrive/train_image/Seen س/Seen س22.jpg,34
/content/drive/MyDrive/train_image/Zoay_n ظ/Zoay_n ظ6.jpg,9
/content/drive/MyDrive/train_image/Quaaf ق/Quaaf ق23.jpg,10
/content/drive/MyDrive/train_image/Suaad ص/Suaad ص25.jpg,29
/content/drive/MyDrive/train_image/Noon ن/Noon ن15.jpg,29
/content/drive/MyDrive/train_image/Tay ت/Tay ت26.jpg,24
/content/drive/MyDrive/train_image/Khay خ/Khay خ0.jpg,10
/content/drive/MyDrive/train_image/Jeem ج/Jeem ج10.jpg,31
/content/drive/MyDrive/train_image/Toay_n ط/Toay_n ط21.jpg,30
/content/drive/MyDrive/train_image/Daal  د/Daal  د22.jpg,36
/content/drive/MyDrive/train_image/Dhuaad ض/Dhuaad ض14.jpg,3
/content/drive/MyDrive/train_image/Dhaal ذ/Dhaal ذ26.jpg,22
/content/drive/MyDrive/train_image/Chhoti yeh ی/Chhoti yeh ی7.jpg,4
/content/drive/MyDrive/train_image/Tey ٹ/Tey ٹ6.jpg,12
/content/drive/MyDrive/train_image/Zay ز/Zay ز23.jpg,32
/content/drive/MyDrive/train_image/Khay خ/Khay خ22.jpg,24
/content/drive/MyDrive/train_image/Chay چ/Chay چ4.jpg,16
/content/drive/MyDrive/train_image/Noon ن/Noon ن11.jpg,15
/content/drive/MyDrive/train_image/aRay ڑ/aRay ڑ7.jpg,5
/content/drive/MyDrive/train_image/Toay_n ط/Toay_n ط9.jpg,31
/content/drive/MyDrive/train_image/Ghain غ/Ghain غ10.jpg,25
/content/drive/MyDrive/train_image/Chhoti yeh ی/Chhoti yeh ی25.jpg,21
/content/drive/MyDrive/train_image/Seen س/Seen س17.jpg,4
/content/drive/MyDrive/train_image/Seen س/Seen س25.jpg,10
/content/drive/MyDrive/train_image/Kaaf ک/Kaaf ک21.jpg,15
/content/drive/MyDrive/train_image/Meem م/Meem م6.jpg,0
/content/drive/MyDrive/train_image/Chay چ/Chay چ22.jpg,14
/content/drive/MyDrive/train_image/Dhaal ذ/Dhaal ذ22.jpg,31
/content/drive/MyDrive/train_image/Jeem ج/Jeem ج9.jpg,10
/content/drive/MyDrive/train_image/Dhuaad ض/Dhuaad ض4.jpg,5
/content/drive/MyDrive/train_image/Meem م/Meem م11.jpg,18
/content/drive/MyDrive/train_image/Ghain غ/Ghain غ14.jpg,3
/content/drive/MyDrive/train_image/Dhaal ذ/Dhaal ذ18.jpg,23
/content/drive/MyDrive/train_image/Tay ت/Tay ت11.jpg,10
/content/drive/MyDrive/train_image/Ghain غ/Ghain غ4.jpg,21
/content/drive/MyDrive/train_image/Ghain غ/Ghain غ22.jpg,19
/content/drive/MyDrive/train_image/Suaad ص/Suaad ص8.jpg,3
/content/drive/MyDrive/train_image/Bay ب/Bay ب16.jpg,19
/content/drive/MyDrive/train_image/Bari yeh ے/Bari yeh ے20.jpg,27
/content/drive/MyDrive/train_image/Kaaf ک/Kaaf ک2.jpg,11
/content/drive/MyDrive/train_image/Thay ث/Thay ث18.jpg,33
/content/drive/MyDrive/train_image/Kaaf ک/Kaaf ک1.jpg,35
/content/drive/MyDrive/train_image/Vao و/Vao و19.jpg,25
/content/drive/MyDrive/train_image/Daal ڈ/Daal ڈ8.jpg,9
/content/drive/MyDrive/train_image/Khay خ/Khay خ6.jpg,10
/content/drive/MyDrive/train_image/Pay پ/Pay پ0.jpg,30
/content/drive/MyDrive/train_image/Suaad ص/Suaad ص15.jpg,26
/content/drive/MyDrive/train_image/Tey ٹ/Tey ٹ7.jpg,29
/content/drive/MyDrive/train_image/Tey ٹ/Tey ٹ9.jpg,29
/content/drive/MyDrive/train_image/Suaad ص/Suaad ص0.jpg,15
/content/drive/MyDrive/train_image/Ain ع/Ain ع21.jpg,35
/content/drive/MyDrive/train_image/Ghain غ/Ghain غ15.jpg,29
/content/drive/MyDrive/train_image/Ghain غ/Ghain غ16.jpg,11
/content/drive/MyDrive/train_image/Bay ب/Bay ب13.jpg,18
/content/drive/MyDrive/train_image/Ain ع/Ain ع24.jpg,33
/content/drive/MyDrive/train_image/Suaad ص/Suaad ص3.jpg,22
/content/drive/MyDrive/train_image/Thay ث/Thay ث24.jpg,25
/content/drive/MyDrive/train_image/Zoay_n ظ/Zoay_n ظ16.jpg,22
/content/drive/MyDrive/train_image/Chay چ/Chay چ12.jpg,26
/content/drive/MyDrive/train_image/Daal  د/Daal  د10.jpg,35
/content/drive/MyDrive/train_image/Dhuaad ض/Dhuaad ض8.jpg,35
/content/drive/MyDrive/train_image/Laam ل/Laam ل9.jpg,19
/content/drive/MyDrive/train_image/Toay_n ط/Toay_n ط8.jpg,0
/content/drive/MyDrive/train_image/Sheen ‎‎ش/Sheen ‎‎ش3.jpg,30
/content/drive/MyDrive/train_image/Zay ز/Zay ز22.jpg,17
/content/drive/MyDrive/train_image/Meem م/Meem م10.jpg,30
/content/drive/MyDrive/train_image/Daal  د/Daal  د18.jpg,17
/content/drive/MyDrive/train_image/Hay ہ/Hay ہ9.jpg,10
/content/drive/MyDrive/train_image/Sheen ‎‎ش/Sheen ‎‎ش21.jpg,14
/content/drive/MyDrive/train_image/Hay ہ/Hay ہ18.jpg,16
/content/drive/MyDrive/train_image/Hamza ‍‌ء/Hamza ‍‌ء17.jpg,18
/content/drive/MyDrive/train_image/Zay ز/Zay ز8.jpg,2
/content/drive/MyDrive/train_image/Dhaal ذ/Dhaal ذ10.jpg,32
/content/drive/MyDrive/train_image/Hay ہ/Hay ہ26.jpg,15
/content/drive/MyDrive/train_image/Seen س/Seen س1.jpg,8
/content/drive/MyDrive/train_image/Dhuaad ض/Dhuaad ض15.jpg,10
/content/drive/MyDrive/train_image/Daal  د/Daal  د4.jpg,19
/content/drive/MyDrive/train_image/Laam ل/Laam ل10.jpg,0
/content/drive/MyDrive/train_image/Seen س/Seen س4.jpg,1
/content/drive/MyDrive/train_image/Ray ر/Ray ر6.jpg,2
/content/drive/MyDrive/train_image/Tey ٹ/Tey ٹ24.jpg,27
/content/drive/MyDrive/train_image/Chay چ/Chay چ26.jpg,7
/content/drive/MyDrive/train_image/Jeem ج/Jeem ج25.jpg,14
/content/drive/MyDrive/train_image/Meem م/Meem م2.jpg,3
/content/drive/MyDrive/train_image/Chhoti yeh ی/Chhoti yeh ی10.jpg,7
/content/drive/MyDrive/train_image/Noon ن/Noon ن1.jpg,28
/content/drive/MyDrive/train_image/Jeem ج/Jeem ج20.jpg,27
/content/drive/MyDrive/train_image/Djay ژ/Djay ژ2.jpg,29
/content/drive/MyDrive/train_image/Tey ٹ/Tey ٹ12.jpg,26
/content/drive/MyDrive/train_image/Jeem ج/Jeem ج0.jpg,4
/content/drive/MyDrive/train_image/Hay ہ/Hay ہ3.jpg,33
/content/drive/MyDrive/train_image/hey ح/hey ح20.jpg,16
/content/drive/MyDrive/train_image/Kaaf ک/Kaaf ک8.jpg,4
/content/drive/MyDrive/train_image/Ain ع/Ain ع12.jpg,7
/content/drive/MyDrive/train_image/Hamza ‍‌ء/Hamza ‍‌ء1.jpg,19
/content/drive/MyDrive/train_image/Meem م/Meem م22.jpg,19
/content/drive/MyDrive/train_image/aRay ڑ/aRay ڑ25.jpg,5
/content/drive/MyDrive/train_image/Gaaf گ/Gaaf گ13.jpg,18
/content/drive/MyDrive/train_image/hey ح/hey ح6.jpg,9
/content/drive/MyDrive/train_image/Zoay_n ظ/Zoay_n ظ11.jpg,34
/content/drive/MyDrive/train_image/Daal  د/Daal  د7.jpg,31
/content/drive/MyDrive/train_image/Chay چ/Chay چ7.jpg,16
/content/drive/MyDrive/train_image/Ghain غ/Ghain غ11.jpg,9
/content/drive/MyDrive/train_image/Tey ٹ/Tey ٹ8.jpg,36
/content/drive/MyDrive/train_image/Ray ر/Ray ر9.jpg,11
/content/drive/MyDrive/train_image/Djay ژ/Djay ژ10.jpg,2
/content/drive/MyDrive/train_image/Laam ل/Laam ل2.jpg,1
/content/drive/MyDrive/train_image/Suaad ص/Suaad ص2.jpg,18
/content/drive/MyDrive/train_image/Bari yeh ے/Bari yeh ے18.jpg,6
/content/drive/MyDrive/train_image/Pay پ/Pay پ21.jpg,22
/content/drive/MyDrive/train_image/Zoay_n ظ/Zoay_n ظ1.jpg,5
/content/drive/MyDrive/train_image/Ain ع/Ain ع17.jpg,21
/content/drive/MyDrive/train_image/Zay ز/Zay ز3.jpg,9
/content/drive/MyDrive/train_image/Thay ث/Thay ث9.jpg,25
/content/drive/MyDrive/train_image/Dhaal ذ/Dhaal ذ24.jpg,11
/content/drive/MyDrive/train_image/Chay چ/Chay چ18.jpg,30
/content/drive/MyDrive/train_image/Zay ز/Zay ز18.jpg,10
/content/drive/MyDrive/train_image/Sheen ‎‎ش/Sheen ‎‎ش16.jpg,17
/content/drive/MyDrive/train_image/Bari yeh ے/Bari yeh ے25.jpg,13
/content/drive/MyDrive/train_image/Dhuaad ض/Dhuaad ض16.jpg,31
/content/drive/MyDrive/train_image/Quaaf ق/Quaaf ق13.jpg,20
/content/drive/MyDrive/train_image/Bari yeh ے/Bari yeh ے6.jpg,14
/content/drive/MyDrive/train_image/Vao و/Vao و15.jpg,23
/content/drive/MyDrive/train_image/Noon ن/Noon ن24.jpg,26
/content/drive/MyDrive/train_image/Aliph ا/Aliph ا11.jpg,30
/content/drive/MyDrive/train_image/Meem م/Meem م24.jpg,33
/content/drive/MyDrive/train_image/Zoay_n ظ/Zoay_n ظ9.jpg,9
/content/drive/MyDrive/train_image/Seen س/Seen س5.jpg,5
/content/drive/MyDrive/train_image/Daal  د/Daal  د20.jpg,28
/content/drive/MyDrive/train_image/Suaad ص/Suaad ص11.jpg,20
/content/drive/MyDrive/train_image/Hamza ‍‌ء/Hamza ‍‌ء13.jpg,22
/content/drive/MyDrive/train_image/Zoay_n ظ/Zoay_n ظ17.jpg,1
/content/drive/MyDrive/train_image/Thay ث/Thay ث23.jpg,2
/content/drive/MyDrive/train_image/Daal  د/Daal  د24.jpg,33
/content/drive/MyDrive/train_image/Ray ر/Ray ر8.jpg,11
/content/drive/MyDrive/train_image/Kaaf ک/Kaaf ک6.jpg,33
/content/drive/MyDrive/train_image/Bari yeh ے/Bari yeh ے1.jpg,30
/content/drive/MyDrive/train_image/aRay ڑ/aRay ڑ19.jpg,33
/content/drive/MyDrive/train_image/Hamza ‍‌ء/Hamza ‍‌ء19.jpg,34
/content/drive/MyDrive/train_image/Khay خ/Khay خ10.jpg,3
/content/drive/MyDrive/train_image/Chay چ/Chay چ5.jpg,35
/content/drive/MyDrive/train_image/Fay ف/Fay ف3.jpg,17
/content/drive/MyDrive/train_image/Noon ن/Noon ن17.jpg,29
/content/drive/MyDrive/train_image/Chay چ/Chay چ13.jpg,27
/content/drive/MyDrive/train_image/Noon ن/Noon ن0.jpg,0
/content/drive/MyDrive/train_image/Ray ر/Ray ر10.jpg,15
/content/drive/MyDrive/train_image/Gaaf گ/Gaaf گ6.jpg,10
/content/drive/MyDrive/train_image/Suaad ص/Suaad ص1.jpg,26
/content/drive/MyDrive/train_image/Ray ر/Ray ر3.jpg,29
/content/drive/MyDrive/train_image/Meem م/Meem م17.jpg,23
/content/drive/MyDrive/train_image/Gaaf گ/Gaaf گ24.jpg,12
/content/drive/MyDrive/train_image/Fay ف/Fay ف2.jpg,2
/content/drive/MyDrive/train_image/Tay ت/Tay ت18.jpg,3
/content/drive/MyDrive/train_image/Hay ہ/Hay ہ19.jpg,34
/content/drive/MyDrive/train_image/Quaaf ق/Quaaf ق18.jpg,23
/content/drive/MyDrive/train_image/hey ح/hey ح26.jpg,15
/content/drive/MyDrive/train_image/Dhuaad ض/Dhuaad ض11.jpg,7
/content/drive/MyDrive/train_image/Aliph ا/Aliph ا23.jpg,28
/content/drive/MyDrive/train_image/Bay ب/Bay ب4.jpg,7
/content/drive/MyDrive/train_image/Jeem ج/Jeem ج6.jpg,27
/content/drive/MyDrive/train_image/Sheen ‎‎ش/Sheen ‎‎ش19.jpg,36
/content/drive/MyDrive/train_image/aRay ڑ/aRay ڑ23.jpg,22
/content/drive/MyDrive/train_image/Khay خ/Khay خ2.jpg,26
/content/drive/MyDrive/train_image/Hay ہ/Hay ہ7.jpg,32
/content/drive/MyDrive/train_image/Chhoti yeh ی/Chhoti yeh ی22.jpg,6
/content/drive/MyDrive/train_image/Bari yeh ے/Bari yeh ے21.jpg,32
/content/drive/MyDrive/train_image/Dhuaad ض/Dhuaad ض2.jpg,33
/content/drive/MyDrive/train_image/Zoay_n ظ/Zoay_n ظ8.jpg,2
/content/drive/MyDrive/train_image/Fay ف/Fay ف14.jpg,25
/content/drive/MyDrive/train_image/Aliph ا/Aliph ا19.jpg,25
/content/drive/MyDrive/train_image/Tey ٹ/Tey ٹ18.jpg,18
/content/drive/MyDrive/train_image/Zay ز/Zay ز12.jpg,27
/content/drive/MyDrive/train_image/Bari yeh ے/Bari yeh ے7.jpg,8
/content/drive/MyDrive/train_image/Pay پ/Pay پ11.jpg,15
/content/drive/MyDrive/train_image/Khay خ/Khay خ23.jpg,19
/content/drive/MyDrive/train_image/Vao و/Vao و2.jpg,35
/content/drive/MyDrive/train_image/Dhaal ذ/Dhaal ذ15.jpg,17
/content/drive/MyDrive/train_image/Bay ب/Bay ب22.jpg,27
/content/drive/MyDrive/train_image/Hay ہ/Hay ہ17.jpg,25
/content/drive/MyDrive/train_image/Seen س/Seen س26.jpg,32
/content/drive/MyDrive/train_image/Khay خ/Khay خ21.jpg,12
/content/drive/MyDrive/train_image/Khay خ/Khay خ20.jpg,19
/content/drive/MyDrive/train_image/Chhoti yeh ی/Chhoti yeh ی15.jpg,1
/content/drive/MyDrive/train_image/Tey ٹ/Tey ٹ2.jpg,20
/content/drive/MyDrive/train_image/Dhuaad ض/Dhuaad ض18.jpg,28
/content/drive/MyDrive/train_image/Kaaf ک/Kaaf ک26.jpg,5
/content/drive/MyDrive/train_image/Zoay_n ظ/Zoay_n ظ0.jpg,6
/content/drive/MyDrive/train_image/Daal  د/Daal  د8.jpg,32
/content/drive/MyDrive/train_image/Quaaf ق/Quaaf ق6.jpg,7
/content/drive/MyDrive/train_image/Zay ز/Zay ز24.jpg,14
/content/drive/MyDrive/train_image/Daal  د/Daal  د5.jpg,23
/content/drive/MyDrive/train_image/Jeem ج/Jeem ج16.jpg,8
/content/drive/MyDrive/train_image/Hamza ‍‌ء/Hamza ‍‌ء23.jpg,36
/content/drive/MyDrive/train_image/Aliph ا/Aliph ا20.jpg,26
/content/drive/MyDrive/train_image/Kaaf ک/Kaaf ک13.jpg,14
/content/drive/MyDrive/train_image/Jeem ج/Jeem ج22.jpg,36
/content/drive/MyDrive/train_image/Ray ر/Ray ر20.jpg,25
/content/drive/MyDrive/train_image/Aliph ا/Aliph ا3.jpg,28
/content/drive/MyDrive/train_image/Aliph ا/Aliph ا10.jpg,19
/content/drive/MyDrive/train_image/Chay چ/Chay چ9.jpg,1
/content/drive/MyDrive/train_image/Hamza ‍‌ء/Hamza ‍‌ء26.jpg,9
/content/drive/MyDrive/train_image/Zay ز/Zay ز0.jpg,3
/content/drive/MyDrive/train_image/Tey ٹ/Tey ٹ15.jpg,13
/content/drive/MyDrive/train_image/Seen س/Seen س18.jpg,5
/content/drive/MyDrive/train_image/Kaaf ک/Kaaf ک19.jpg,31
/content/drive/MyDrive/train_image/Jeem ج/Jeem ج5.jpg,16
/content/drive/MyDrive/train_image/Seen س/Seen س24.jpg,27
/content/drive/MyDrive/train_image/Sheen ‎‎ش/Sheen ‎‎ش18.jpg,1
/content/drive/MyDrive/train_image/Daal ڈ/Daal ڈ16.jpg,32
/content/drive/MyDrive/train_image/Ray ر/Ray ر0.jpg,11
/content/drive/MyDrive/train_image/Tey ٹ/Tey ٹ23.jpg,1
/content/drive/MyDrive/train_image/Thay ث/Thay ث13.jpg,34
/content/drive/MyDrive/train_image/Chhoti yeh ی/Chhoti yeh ی19.jpg,4
/content/drive/MyDrive/train_image/Kaaf ک/Kaaf ک0.jpg,0
/content/drive/MyDrive/train_image/Hamza ‍‌ء/Hamza ‍‌ء6.jpg,2
/content/drive/MyDrive/train_image/Chay چ/Chay چ10.jpg,0
/content/drive/MyDrive/train_image/Ain ع/Ain ع20.jpg,29
/content/drive/MyDrive/train_image/Dhuaad ض/Dhuaad ض25.jpg,28
/content/drive/MyDrive/train_image/Toay_n ط/Toay_n ط6.jpg,36
/content/drive/MyDrive/train_image/Noon ن/Noon ن2.jpg,18
/content/drive/MyDrive/train_image/Laam ل/Laam ل8.jpg,20
/content/drive/MyDrive/train_image/Kaaf ک/Kaaf ک18.jpg,23
/content/drive/MyDrive/train_image/Gaaf گ/Gaaf گ20.jpg,28
/content/drive/MyDrive/train_image/Quaaf ق/Quaaf ق1.jpg,8
/content/drive/MyDrive/train_image/Seen س/Seen س6.jpg,2
/content/drive/MyDrive/train_image/hey ح/hey ح11.jpg,21
/content/drive/MyDrive/train_image/aRay ڑ/aRay ڑ5.jpg,26
/content/drive/MyDrive/train_image/Daal ڈ/Daal ڈ4.jpg,18
/content/drive/MyDrive/train_image/hey ح/hey ح2.jpg,16
/content/drive/MyDrive/train_image/hey ح/hey ح21.jpg,21
/content/drive/MyDrive/train_image/Laam ل/Laam ل25.jpg,35
/content/drive/MyDrive/train_image/Daal  د/Daal  د12.jpg,31
/content/drive/MyDrive/train_image/aRay ڑ/aRay ڑ8.jpg,6
/content/drive/MyDrive/train_image/Dhaal ذ/Dhaal ذ12.jpg,29
/content/drive/MyDrive/train_image/Hamza ‍‌ء/Hamza ‍‌ء8.jpg,7
/content/drive/MyDrive/train_image/Tay ت/Tay ت24.jpg,23
/content/drive/MyDrive/train_image/Toay_n ط/Toay_n ط1.jpg,8
/content/drive/MyDrive/train_image/Meem م/Meem م23.jpg,27
/content/drive/MyDrive/train_image/Pay پ/Pay پ24.jpg,15
/content/drive/MyDrive/train_image/Khay خ/Khay خ4.jpg,3
/content/drive/MyDrive/train_image/Meem م/Meem م9.jpg,16
/content/drive/MyDrive/train_image/Bay ب/Bay ب23.jpg,11
/content/drive/MyDrive/train_image/Zay ز/Zay ز11.jpg,30
/content/drive/MyDrive/train_image/Dhuaad ض/Dhuaad ض19.jpg,2
/content/drive/MyDrive/train_image/Tay ت/Tay ت12.jpg,5
/content/drive/MyDrive/train_image/Suaad ص/Suaad ص26.jpg,18
/content/drive/MyDrive/train_image/Daal ڈ/Daal ڈ17.jpg,7
/content/drive/MyDrive/train_image/Noon ن/Noon ن10.jpg,34
/content/drive/MyDrive/train_image/Ghain غ/Ghain غ26.jpg,15
/content/drive/MyDrive/train_image/Sheen ‎‎ش/Sheen ‎‎ش6.jpg,35
/content/drive/MyDrive/train_image/Seen س/Seen س13.jpg,1
/content/drive/MyDrive/train_image/Pay پ/Pay پ10.jpg,32
/content/drive/MyDrive/train_image/Toay_n ط/Toay_n ط14.jpg,4
/content/drive/MyDrive/train_image/Chhoti yeh ی/Chhoti yeh ی26.jpg,14
/content/drive/MyDrive/train_image/Dhaal ذ/Dhaal ذ23.jpg,8
/content/drive/MyDrive/train_image/Vao و/Vao و11.jpg,30
/content/drive/MyDrive/train_image/Laam ل/Laam ل6.jpg,28
/content/drive/MyDrive/train_image/Suaad ص/Suaad ص24.jpg,33
/content/drive/MyDrive/train_image/Toay_n ط/Toay_n ط10.jpg,8
/content/drive/MyDrive/train_image/Tey ٹ/Tey ٹ1.jpg,23
/content/drive/MyDrive/train_image/Hay ہ/Hay ہ6.jpg,17
/content/drive/MyDrive/train_image/Kaaf ک/Kaaf ک14.jpg,25
/content/drive/MyDrive/train_image/Noon ن/Noon ن22.jpg,13
/content/drive/MyDrive/train_image/Suaad ص/Suaad ص9.jpg,9
/content/drive/MyDrive/train_image/Daal  د/Daal  د19.jpg,2
/content/drive/MyDrive/train_image/Dhuaad ض/Dhuaad ض13.jpg,0
/content/drive/MyDrive/train_image/Gaaf گ/Gaaf گ26.jpg,34
/content/drive/MyDrive/train_image/Noon ن/Noon ن16.jpg,10
/content/drive/MyDrive/train_image/Seen س/Seen س23.jpg,20
/content/drive/MyDrive/train_image/Chay چ/Chay چ16.jpg,2
/content/drive/MyDrive/train_image/Zay ز/Zay ز20.jpg,23
/content/drive/MyDrive/train_image/Ain ع/Ain ع1.jpg,11
/content/drive/MyDrive/train_image/Daal ڈ/Daal ڈ1.jpg,36
/content/drive/MyDrive/train_image/Khay خ/Khay خ9.jpg,17
/content/drive/MyDrive/train_image/Ghain غ/Ghain غ20.jpg,30
/content/drive/MyDrive/train_image/Chhoti yeh ی/Chhoti yeh ی6.jpg,20
/content/drive/MyDrive/train_image/Daal  د/Daal  د16.jpg,23
/content/drive/MyDrive/train_image/Vao و/Vao و7.jpg,30
/content/drive/MyDrive/train_image/Aliph ا/Aliph ا5.jpg,35
/content/drive/MyDrive/train_image/Thay ث/Thay ث15.jpg,2
/content/drive/MyDrive/train_image/Bari yeh ے/Bari yeh ے23.jpg,25
/content/drive/MyDrive/train_image/Aliph ا/Aliph ا2.jpg,5
/content/drive/MyDrive/train_image/Pay پ/Pay پ7.jpg,17
/content/drive/MyDrive/train_image/Ghain غ/Ghain غ12.jpg,10
/content/drive/MyDrive/train_image/Jeem ج/Jeem ج3.jpg,13
/content/drive/MyDrive/train_image/Jeem ج/Jeem ج8.jpg,35
/content/drive/MyDrive/train_image/Sheen ‎‎ش/Sheen ‎‎ش2.jpg,34
/content/drive/MyDrive/train_image/Ghain غ/Ghain غ9.jpg,8
/content/drive/MyDrive/train_image/Sheen ‎‎ش/Sheen ‎‎ش1.jpg,24
/content/drive/MyDrive/train_image/Quaaf ق/Quaaf ق16.jpg,9
/content/drive/MyDrive/train_image/Jeem ج/Jeem ج23.jpg,3
/content/drive/MyDrive/train_image/Ray ر/Ray ر11.jpg,10
/content/drive/MyDrive/train_image/Vao و/Vao و5.jpg,25
/content/drive/MyDrive/train_image/Zay ز/Zay ز14.jpg,6
/content/drive/MyDrive/train_image/Toay_n ط/Toay_n ط17.jpg,3
/content/drive/MyDrive/train_image/Vao و/Vao و26.jpg,4
/content/drive/MyDrive/train_image/hey ح/hey ح18.jpg,20
/content/drive/MyDrive/train_image/Noon ن/Noon ن14.jpg,36
/content/drive/MyDrive/train_image/Fay ف/Fay ف1.jpg,26
/content/drive/MyDrive/train_image/Zoay_n ظ/Zoay_n ظ3.jpg,33
/content/drive/MyDrive/train_image/Laam ل/Laam ل21.jpg,19
/content/drive/MyDrive/train_image/Ain ع/Ain ع25.jpg,22
/content/drive/MyDrive/train_image/Fay ف/Fay ف25.jpg,10
/content/drive/MyDrive/train_image/Suaad ص/Suaad ص16.jpg,4
/content/drive/MyDrive/train_image/Quaaf ق/Quaaf ق4.jpg,23
/content/drive/MyDrive/train_image/Kaaf ک/Kaaf ک4.jpg,22
/content/drive/MyDrive/train_image/Ghain غ/Ghain غ0.jpg,3
/content/drive/MyDrive/train_image/Gaaf گ/Gaaf گ1.jpg,22
/content/drive/MyDrive/train_image/Aliph ا/Aliph ا16.jpg,2
/content/drive/MyDrive/train_image/Ray ر/Ray ر13.jpg,27
/content/drive/MyDrive/train_image/hey ح/hey ح3.jpg,28
/content/drive/MyDrive/train_image/Aliph ا/Aliph ا9.jpg,18
/content/drive/MyDrive/train_image/Kaaf ک/Kaaf ک25.jpg,24
/content/drive/MyDrive/train_image/Daal  د/Daal  د17.jpg,21
/content/drive/MyDrive/train_image/hey ح/hey ح17.jpg,30
/content/drive/MyDrive/train_image/Toay_n ط/Toay_n ط7.jpg,13
/content/drive/MyDrive/train_image/Tay ت/Tay ت23.jpg,20
/content/drive/MyDrive/train_image/Bari yeh ے/Bari yeh ے19.jpg,19
/content/drive/MyDrive/train_image/Tay ت/Tay ت25.jpg,27
/content/drive/MyDrive/train_image/Dhaal ذ/Dhaal ذ19.jpg,7
/content/drive/MyDrive/train_image/Gaaf گ/Gaaf گ5.jpg,8
/content/drive/MyDrive/train_image/Seen س/Seen س10.jpg,22
/content/drive/MyDrive/train_image/Tey ٹ/Tey ٹ20.jpg,2
/content/drive/MyDrive/train_image/Bay ب/Bay ب14.jpg,6
/content/drive/MyDrive/train_image/Toay_n ط/Toay_n ط24.jpg,27
/content/drive/MyDrive/train_image/Aliph ا/Aliph ا15.jpg,13
/content/drive/MyDrive/train_image/Djay ژ/Djay ژ0.jpg,13
/content/drive/MyDrive/train_image/hey ح/hey ح12.jpg,34
/content/drive/MyDrive/train_image/Ain ع/Ain ع7.jpg,12
/content/drive/MyDrive/train_image/Sheen ‎‎ش/Sheen ‎‎ش24.jpg,31
/content/drive/MyDrive/train_image/aRay ڑ/aRay ڑ14.jpg,3
/content/drive/MyDrive/train_image/Tay ت/Tay ت5.jpg,21
/content/drive/MyDrive/train_image/Tey ٹ/Tey ٹ4.jpg,19
/content/drive/MyDrive/train_image/Hamza ‍‌ء/Hamza ‍‌ء16.jpg,28
/content/drive/MyDrive/train_image/hey ح/hey ح14.jpg,5
/content/drive/MyDrive/train_image/Khay خ/Khay خ8.jpg,18
/content/drive/MyDrive/train_image/Noon ن/Noon ن23.jpg,24
/content/drive/MyDrive/train_image/Laam ل/Laam ل23.jpg,30
/content/drive/MyDrive/train_image/Vao و/Vao و25.jpg,3
/content/drive/MyDrive/train_image/Seen س/Seen س16.jpg,5
/content/drive/MyDrive/train_image/Pay پ/Pay پ16.jpg,29
/content/drive/MyDrive/train_image/Seen س/Seen س3.jpg,19
/content/drive/MyDrive/train_image/Ain ع/Ain ع19.jpg,22
/content/drive/MyDrive/train_image/Bari yeh ے/Bari yeh ے24.jpg,26
/content/drive/MyDrive/train_image/Zay ز/Zay ز10.jpg,0
/content/drive/MyDrive/train_image/Thay ث/Thay ث7.jpg,28
/content/drive/MyDrive/train_image/Pay پ/Pay پ2.jpg,34
/content/drive/MyDrive/train_image/Meem م/Meem م0.jpg,20
/content/drive/MyDrive/train_image/Hay ہ/Hay ہ8.jpg,17
/content/drive/MyDrive/train_image/Djay ژ/Djay ژ22.jpg,34
/content/drive/MyDrive/train_image/aRay ڑ/aRay ڑ2.jpg,17
/content/drive/MyDrive/train_image/Bay ب/Bay ب17.jpg,1
/content/drive/MyDrive/train_image/Ain ع/Ain ع16.jpg,1
/content/drive/MyDrive/train_image/Vao و/Vao و12.jpg,8
/content/drive/MyDrive/train_image/Jeem ج/Jeem ج26.jpg,23
/content/drive/MyDrive/train_image/Zoay_n ظ/Zoay_n ظ19.jpg,2
/content/drive/MyDrive/train_image/Thay ث/Thay ث1.jpg,29
/content/drive/MyDrive/train_image/Djay ژ/Djay ژ23.jpg,29
/content/drive/MyDrive/train_image/Zay ز/Zay ز25.jpg,4
/content/drive/MyDrive/train_image/Tey ٹ/Tey ٹ14.jpg,20
/content/drive/MyDrive/train_image/Dhaal ذ/Dhaal ذ8.jpg,11
/content/drive/MyDrive/train_image/Ghain غ/Ghain غ25.jpg,9
/content/drive/MyDrive/train_image/Khay خ/Khay خ14.jpg,34
/content/drive/MyDrive/train_image/Gaaf گ/Gaaf گ19.jpg,10
/content/drive/MyDrive/train_image/Dhuaad ض/Dhuaad ض24.jpg,8
/content/drive/MyDrive/train_image/Toay_n ط/Toay_n ط18.jpg,2
/content/drive/MyDrive/train_image/Dhuaad ض/Dhuaad ض5.jpg,23
/content/drive/MyDrive/train_image/Thay ث/Thay ث17.jpg,5
/content/drive/MyDrive/train_image/Gaaf گ/Gaaf گ11.jpg,14
/content/drive/MyDrive/train_image/Gaaf گ/Gaaf گ0.jpg,18
/content/drive/MyDrive/train_image/Dhaal ذ/Dhaal ذ11.jpg,4
/content/drive/MyDrive/train_image/Vao و/Vao و22.jpg,25
/content/drive/MyDrive/train_image/Meem م/Meem م19.jpg,18
/content/drive/MyDrive/train_image/Tay ت/Tay ت6.jpg,7
/content/drive/MyDrive/train_image/Quaaf ق/Quaaf ق17.jpg,35
/content/drive/MyDrive/train_image/Daal ڈ/Daal ڈ3.jpg,13
/content/drive/MyDrive/train_image/Dhaal ذ/Dhaal ذ6.jpg,7
/content/drive/MyDrive/train_image/Tey ٹ/Tey ٹ21.jpg,29
/content/drive/MyDrive/train_image/Ray ر/Ray ر1.jpg,24
/content/drive/MyDrive/train_image/Aliph ا/Aliph ا7.jpg,3
/content/drive/MyDrive/train_image/Dhaal ذ/Dhaal ذ0.jpg,1
/content/drive/MyDrive/train_image/Thay ث/Thay ث16.jpg,15
/content/drive/MyDrive/train_image/Tay ت/Tay ت2.jpg,26
/content/drive/MyDrive/train_image/Ghain غ/Ghain غ13.jpg,1
/content/drive/MyDrive/train_image/Kaaf ک/Kaaf ک23.jpg,16
/content/drive/MyDrive/train_image/Tay ت/Tay ت19.jpg,34
/content/drive/MyDrive/train_image/Tey ٹ/Tey ٹ19.jpg,1
/content/drive/MyDrive/train_image/Bay ب/Bay ب8.jpg,2
/content/drive/MyDrive/train_image/Daal ڈ/Daal ڈ15.jpg,30
/content/drive/MyDrive/train_image/hey ح/hey ح13.jpg,29
/content/drive/MyDrive/train_image/Ain ع/Ain ع23.jpg,0
/content/drive/MyDrive/train_image/Vao و/Vao و6.jpg,3
/content/drive/MyDrive/train_image/Aliph ا/Aliph ا18.jpg,20
/content/drive/MyDrive/train_image/Suaad ص/Suaad ص22.jpg,32
/content/drive/MyDrive/train_image/Ain ع/Ain ع0.jpg,21
/content/drive/MyDrive/train_image/Tay ت/Tay ت22.jpg,15
/content/drive/MyDrive/train_image/Dhaal ذ/Dhaal ذ5.jpg,21
/content/drive/MyDrive/train_image/Daal  د/Daal  د0.jpg,36
/content/drive/MyDrive/train_image/Khay خ/Khay خ17.jpg,35
/content/drive/MyDrive/train_image/Noon ن/Noon ن26.jpg,28
/content/drive/MyDrive/train_image/Sheen ‎‎ش/Sheen ‎‎ش13.jpg,24
/content/drive/MyDrive/train_image/Noon ن/Noon ن25.jpg,12
/content/drive/MyDrive/train_image/Fay ف/Fay ف24.jpg,17
/content/drive/MyDrive/train_image/Khay خ/Khay خ1.jpg,6
/content/drive/MyDrive/train_image/Dhuaad ض/Dhuaad ض20.jpg,36
/content/drive/MyDrive/train_image/Meem م/Meem م16.jpg,33
/content/drive/MyDrive/train_image/Daal ڈ/Daal ڈ12.jpg,32
/content/drive/MyDrive/train_image/Pay پ/Pay پ26.jpg,34
/content/drive/MyDrive/train_image/Bay ب/Bay ب19.jpg,20
/content/drive/MyDrive/train_image/Dhuaad ض/Dhuaad ض12.jpg,9
/content/drive/MyDrive/train_image/Suaad ص/Suaad ص6.jpg,16
/content/drive/MyDrive/train_image/aRay ڑ/aRay ڑ17.jpg,5
/content/drive/MyDrive/train_image/Vao و/Vao و4.jpg,1
/content/drive/MyDrive/train_image/Quaaf ق/Quaaf ق3.jpg,26
/content/drive/MyDrive/train_image/Tey ٹ/Tey ٹ13.jpg,17
/content/drive/MyDrive/train_image/Hay ہ/Hay ہ20.jpg,20
/content/drive/MyDrive/train_image/Quaaf ق/Quaaf ق25.jpg,7
/content/drive/MyDrive/train_image/Gaaf گ/Gaaf گ21.jpg,7
/content/drive/MyDrive/train_image/aRay ڑ/aRay ڑ6.jpg,19
/content/drive/MyDrive/train_image/Vao و/Vao و0.jpg,9
/content/drive/MyDrive/train_image/Vao و/Vao و14.jpg,26
/content/drive/MyDrive/train_image/Bay ب/Bay ب20.jpg,9
/content/drive/MyDrive/train_image/Chay چ/Chay چ24.jpg,7
/content/drive/MyDrive/train_image/Daal ڈ/Daal ڈ2.jpg,11
/content/drive/MyDrive/train_image/Laam ل/Laam ل20.jpg,1
/content/drive/MyDrive/train_image/Noon ن/Noon ن4.jpg,18
/content/drive/MyDrive/train_image/Ain ع/Ain ع10.jpg,34
/content/drive/MyDrive/train_image/Dhaal ذ/Dhaal ذ9.jpg,26
/content/drive/MyDrive/train_image/Zoay_n ظ/Zoay_n ظ2.jpg,31
/content/drive/MyDrive/train_image/Sheen ‎‎ش/Sheen ‎‎ش23.jpg,5
/content/drive/MyDrive/train_image/Toay_n ط/Toay_n ط19.jpg,32
/content/drive/MyDrive/train_image/Seen س/Seen س12.jpg,1
/content/drive/MyDrive/train_image/Hamza ‍‌ء/Hamza ‍‌ء18.jpg,14
/content/drive/MyDrive/train_image/Daal  د/Daal  د26.jpg,14
/content/drive/MyDrive/train_image/Ain ع/Ain ع15.jpg,21
/content/drive/MyDrive/train_image/Chay چ/Chay چ25.jpg,33
/content/drive/MyDrive/train_image/Vao و/Vao و24.jpg,29
/content/drive/MyDrive/train_image/aRay ڑ/aRay ڑ0.jpg,34
/content/drive/MyDrive/train_image/Ray ر/Ray ر17.jpg,22
/content/drive/MyDrive/train_image/Ghain غ/Ghain غ6.jpg,0
/content/drive/MyDrive/train_image/Toay_n ط/Toay_n ط2.jpg,25
/content/drive/MyDrive/train_image/hey ح/hey ح10.jpg,14
/content/drive/MyDrive/train_image/Fay ف/Fay ف22.jpg,12
/content/drive/MyDrive/train_image/Sheen ‎‎ش/Sheen ‎‎ش25.jpg,13
/content/drive/MyDrive/train_image/Zoay_n ظ/Zoay_n ظ5.jpg,26
/content/drive/MyDrive/train_image/Bari yeh ے/Bari yeh ے9.jpg,31
/content/drive/MyDrive/train_image/Pay پ/Pay پ15.jpg,33
/content/drive/MyDrive/train_image/Ain ع/Ain ع11.jpg,12
/content/drive/MyDrive/train_image/Ghain غ/Ghain غ23.jpg,25
/content/drive/MyDrive/train_image/Kaaf ک/Kaaf ک15.jpg,24
/content/drive/MyDrive/train_image/Zay ز/Zay ز9.jpg,28
/content/drive/MyDrive/train_image/Noon ن/Noon ن13.jpg,26
/content/drive/MyDrive/train_image/Djay ژ/Djay ژ9.jpg,11
/content/drive/MyDrive/train_image/Meem م/Meem م7.jpg,36
/content/drive/MyDrive/train_image/Ghain غ/Ghain غ18.jpg,11
/content/drive/MyDrive/train_image/Vao و/Vao و10.jpg,31
/content/drive/MyDrive/train_image/Chhoti yeh ی/Chhoti yeh ی17.jpg,12
/content/drive/MyDrive/train_image/Aliph ا/Aliph ا6.jpg,26
/content/drive/MyDrive/train_image/Zoay_n ظ/Zoay_n ظ7.jpg,35
/content/drive/MyDrive/train_image/Sheen ‎‎ش/Sheen ‎‎ش26.jpg,28
/content/drive/MyDrive/train_image/Chhoti yeh ی/Chhoti yeh ی9.jpg,18
/content/drive/MyDrive/train_image/Laam ل/Laam ل4.jpg,2
/content/drive/MyDrive/train_image/Jeem ج/Jeem ج19.jpg,12
/content/drive/MyDrive/train_image/Zay ز/Zay ز13.jpg,10
/content/drive/MyDrive/train_image/Ain ع/Ain ع2.jpg,10
/content/drive/MyDrive/train_image/Khay خ/Khay خ15.jpg,18
/content/drive/MyDrive/train_image/Chhoti yeh ی/Chhoti yeh ی14.jpg,14
/content/drive/MyDrive/train_image/Noon ن/Noon ن6.jpg,0
/content/drive/MyDrive/train_image/Khay خ/Khay خ7.jpg,16
/content/drive/MyDrive/train_image/Gaaf گ/Gaaf گ23.jpg,9
/content/drive/MyDrive/train_image/Chhoti yeh ی/Chhoti yeh ی21.jpg,13
/content/drive/MyDrive/train_image/Chhoti yeh ی/Chhoti yeh ی5.jpg,23
/content/drive/MyDrive/train_image/Thay ث/Thay ث21.jpg,33
/content/drive/MyDrive/train_image/aRay ڑ/aRay ڑ20.jpg,7
/content/drive/MyDrive/train_image/Dhuaad ض/Dhuaad ض23.jpg,31
/content/drive/MyDrive/train_image/Toay_n ط/Toay_n ط20.jpg,6
/content/drive/MyDrive/train_image/Djay ژ/Djay ژ3.jpg,0
/content/drive/MyDrive/train_image/Zoay_n ظ/Zoay_n ظ12.jpg,24
/content/drive/MyDrive/train_image/Zay ز/Zay ز5.jpg,13
/content/drive/MyDrive/train_image/Jeem ج/Jeem ج17.jpg,26
/content/drive/MyDrive/train_image/Bari yeh ے/Bari yeh ے17.jpg,33
/content/drive/MyDrive/train_image/Quaaf ق/Quaaf ق15.jpg,35
/content/drive/MyDrive/train_image/Hamza ‍‌ء/Hamza ‍‌ء9.jpg,0
/content/drive/MyDrive/train_image/Daal  د/Daal  د1.jpg,10
/content/drive/MyDrive/train_image/Sheen ‎‎ش/Sheen ‎‎ش11.jpg,35
/content/drive/MyDrive/train_image/Aliph ا/Aliph ا17.jpg,0
/content/drive/MyDrive/train_image/Djay ژ/Djay ژ5.jpg,21
/content/drive/MyDrive/train_image/Daal  د/Daal  د3.jpg,21
/content/drive/MyDrive/train_image/Hay ہ/Hay ہ23.jpg,27
/content/drive/MyDrive/train_image/Dhuaad ض/Dhuaad ض3.jpg,10
/content/drive/MyDrive/train_image/Hay ہ/Hay ہ11.jpg,13
/content/drive/MyDrive/train_image/Fay ف/Fay ف18.jpg,22
/content/drive/MyDrive/train_image/Jeem ج/Jeem ج4.jpg,1
/content/drive/MyDrive/train_image/Dhuaad ض/Dhuaad ض1.jpg,30
/content/drive/MyDrive/train_image/Suaad ص/Suaad ص23.jpg,10
/content/drive/MyDrive/train_image/Daal ڈ/Daal ڈ13.jpg,3
/content/drive/MyDrive/train_image/Meem م/Meem م20.jpg,21
/content/drive/MyDrive/train_image/Quaaf ق/Quaaf ق11.jpg,31
/content/drive/MyDrive/train_image/Bari yeh ے/Bari yeh ے5.jpg,1
/content/drive/MyDrive/train_image/Laam ل/Laam ل15.jpg,18
/content/drive/MyDrive/train_image/Meem م/Meem م12.jpg,18
/content/drive/MyDrive/train_image/Thay ث/Thay ث2.jpg,33
/content/drive/MyDrive/train_image/Tay ت/Tay ت20.jpg,5
/content/drive/MyDrive/train_image/Zay ز/Zay ز6.jpg,8
/content/drive/MyDrive/train_image/Thay ث/Thay ث20.jpg,17
/content/drive/MyDrive/train_image/Meem م/Meem م18.jpg,0
/content/drive/MyDrive/train_image/Noon ن/Noon ن7.jpg,35
/content/drive/MyDrive/train_image/aRay ڑ/aRay ڑ15.jpg,31
/content/drive/MyDrive/train_image/Djay ژ/Djay ژ19.jpg,3
/content/drive/MyDrive/train_image/Daal  د/Daal  د15.jpg,0
/content/drive/MyDrive/train_image/Fay ف/Fay ف13.jpg,33
/content/drive/MyDrive/train_image/aRay ڑ/aRay ڑ26.jpg,20
/content/drive/MyDrive/train_image/Aliph ا/Aliph ا22.jpg,9
/content/drive/MyDrive/train_image/Fay ف/Fay ف17.jpg,12
/content/drive/MyDrive/train_image/Thay ث/Thay ث6.jpg,14
/content/drive/MyDrive/train_image/Hamza ‍‌ء/Hamza ‍‌ء0.jpg,16
/content/drive/MyDrive/train_image/Ain ع/Ain ع8.jpg,6
/content/drive/MyDrive/train_image/Laam ل/Laam ل24.jpg,13
/content/drive/MyDrive/train_image/Ain ع/Ain ع13.jpg,27
/content/drive/MyDrive/train_image/Zay ز/Zay ز16.jpg,16
/content/drive/MyDrive/train_image/Daal ڈ/Daal ڈ21.jpg,12
/content/drive/MyDrive/train_image/Kaaf ک/Kaaf ک16.jpg,33
/content/drive/MyDrive/train_image/Daal ڈ/Daal ڈ0.jpg,22
/content/drive/MyDrive/train_image/Chhoti yeh ی/Chhoti yeh ی20.jpg,15
/content/drive/MyDrive/train_image/Zoay_n ظ/Zoay_n ظ23.jpg,32
/content/drive/MyDrive/train_image/Zay ز/Zay ز26.jpg,21
/content/drive/MyDrive/train_image/Kaaf ک/Kaaf ک12.jpg,19
/content/drive/MyDrive/train_image/Meem م/Meem م21.jpg,13
/content/drive/MyDrive/train_image/Tay ت/Tay ت7.jpg,28
/content/drive/MyDrive/train_image/hey ح/hey ح4.jpg,4
/content/drive/MyDrive/train_image/Chay چ/Chay چ17.jpg,16
/content/drive/MyDrive/train_image/Ray ر/Ray ر16.jpg,9
/content/drive/MyDrive/train_image/Zoay_n ظ/Zoay_n ظ14.jpg,16
/content/drive/MyDrive/train_image/Gaaf گ/Gaaf گ9.jpg,16
/content/drive/MyDrive/train_image/Kaaf ک/Kaaf ک7.jpg,13
/content/drive/MyDrive/train_image/Toay_n ط/Toay_n ط0.jpg,7
/content/drive/MyDrive/train_image/Chhoti yeh ی/Chhoti yeh ی16.jpg,10
/content/drive/MyDrive/train_image/Sheen ‎‎ش/Sheen ‎‎ش9.jpg,0
/content/drive/MyDrive/train_image/Dhuaad ض/Dhuaad ض17.jpg,1
/content/drive/MyDrive/train_image/Khay خ/Khay خ18.jpg,8
/content/drive/MyDrive/train_image/Ray ر/Ray ر4.jpg,1
/content/drive/MyDrive/train_image/Bay ب/Bay ب0.jpg,22
/content/drive/MyDrive/train_image/Kaaf ک/Kaaf ک5.jpg,27
/content/drive/MyDrive/train_image/Noon ن/Noon ن21.jpg,25
/content/drive/MyDrive/train_image/Bari yeh ے/Bari yeh ے11.jpg,36
/content/drive/MyDrive/train_image/Bay ب/Bay ب10.jpg,15
/content/drive/MyDrive/train_image/Zay ز/Zay ز7.jpg,3
/content/drive/MyDrive/train_image/Laam ل/Laam ل3.jpg,10
/content/drive/MyDrive/train_image/Ghain غ/Ghain غ1.jpg,28
/content/drive/MyDrive/train_image/Zay ز/Zay ز19.jpg,30
/content/drive/MyDrive/train_image/Ray ر/Ray ر24.jpg,19
/content/drive/MyDrive/train_image/Ain ع/Ain ع9.jpg,27
/content/drive/MyDrive/train_image/Daal ڈ/Daal ڈ19.jpg,36
/content/drive/MyDrive/train_image/Toay_n ط/Toay_n ط23.jpg,4
/content/drive/MyDrive/train_image/Bay ب/Bay ب21.jpg,21
/content/drive/MyDrive/train_image/Vao و/Vao و23.jpg,30
/content/drive/MyDrive/train_image/Laam ل/Laam ل12.jpg,5
/content/drive/MyDrive/train_image/Ghain غ/Ghain غ8.jpg,25
/content/drive/MyDrive/train_image/Pay پ/Pay پ13.jpg,32
/content/drive/MyDrive/train_image/Aliph ا/Aliph ا1.jpg,10
/content/drive/MyDrive/train_image/Zoay_n ظ/Zoay_n ظ22.jpg,14
/content/drive/MyDrive/train_image/Daal  د/Daal  د25.jpg,15
/content/drive/MyDrive/train_image/Seen س/Seen س21.jpg,5
/content/drive/MyDrive/train_image/Tey ٹ/Tey ٹ5.jpg,29
/content/drive/MyDrive/train_image/Zoay_n ظ/Zoay_n ظ4.jpg,27
/content/drive/MyDrive/train_image/Pay پ/Pay پ23.jpg,12
/content/drive/MyDrive/train_image/Jeem ج/Jeem ج1.jpg,32
/content/drive/MyDrive/train_image/Sheen ‎‎ش/Sheen ‎‎ش10.jpg,23
/content/drive/MyDrive/train_image/Daal ڈ/Daal ڈ25.jpg,21
/content/drive/MyDrive/train_image/Fay ف/Fay ف19.jpg,14
/content/drive/MyDrive/train_image/Gaaf گ/Gaaf گ25.jpg,12
/content/drive/MyDrive/train_image/hey ح/hey ح24.jpg,19
/content/drive/MyDrive/train_image/Seen س/Seen س9.jpg,15
/content/drive/MyDrive/train_image/Meem م/Meem م8.jpg,36
/content/drive/MyDrive/train_image/Chhoti yeh ی/Chhoti yeh ی23.jpg,24
/content/drive/MyDrive/train_image/Tay ت/Tay ت17.jpg,25
/content/drive/MyDrive/train_image/Toay_n ط/Toay_n ط13.jpg,11
/content/drive/MyDrive/train_image/Aliph ا/Aliph ا13.jpg,14
/content/drive/MyDrive/train_image/Djay ژ/Djay ژ26.jpg,7
/content/drive/MyDrive/train_image/Aliph ا/Aliph ا0.jpg,23
/content/drive/MyDrive/train_image/Dhaal ذ/Dhaal ذ13.jpg,33
/content/drive/MyDrive/train_image/Chhoti yeh ی/Chhoti yeh ی13.jpg,8
/content/drive/MyDrive/train_image/Djay ژ/Djay ژ13.jpg,21
/content/drive/MyDrive/train_image/Kaaf ک/Kaaf ک22.jpg,13
/content/drive/MyDrive/train_image/Gaaf گ/Gaaf گ16.jpg,24
/content/drive/MyDrive/train_image/hey ح/hey ح15.jpg,18
/content/drive/MyDrive/train_image/Fay ف/Fay ف9.jpg,15
/content/drive/MyDrive/train_image/Sheen ‎‎ش/Sheen ‎‎ش17.jpg,36
/content/drive/MyDrive/train_image/Sheen ‎‎ش/Sheen ‎‎ش8.jpg,23
/content/drive/MyDrive/train_image/Zay ز/Zay ز21.jpg,16
/content/drive/MyDrive/train_image/Bari yeh ے/Bari yeh ے2.jpg,13
/content/drive/MyDrive/train_image/Kaaf ک/Kaaf ک24.jpg,17
/content/drive/MyDrive/train_image/Aliph ا/Aliph ا24.jpg,3
/content/drive/MyDrive/train_image/aRay ڑ/aRay ڑ16.jpg,11
/content/drive/MyDrive/train_image/Hamza ‍‌ء/Hamza ‍‌ء25.jpg,23
/content/drive/MyDrive/train_image/Hay ہ/Hay ہ21.jpg,7
/content/drive/MyDrive/train_image/Jeem ج/Jeem ج13.jpg,30
/content/drive/MyDrive/train_image/Bay ب/Bay ب25.jpg,13
/content/drive/MyDrive/train_image/Suaad ص/Suaad ص19.jpg,17
/content/drive/MyDrive/train_image/Fay ف/Fay ف5.jpg,22
/content/drive/MyDrive/train_image/Hay ہ/Hay ہ5.jpg,11
/content/drive/MyDrive/train_image/Fay ف/Fay ف10.jpg,32
/content/drive/MyDrive/train_image/Zoay_n ظ/Zoay_n ظ18.jpg,4
/content/drive/MyDrive/train_image/Laam ل/Laam ل7.jpg,21
/content/drive/MyDrive/train_image/Jeem ج/Jeem ج14.jpg,32
/content/drive/MyDrive/train_image/Meem م/Meem م4.jpg,33
/content/drive/MyDrive/train_image/hey ح/hey ح22.jpg,26
/content/drive/MyDrive/train_image/Suaad ص/Suaad ص14.jpg,8
/content/drive/MyDrive/train_image/Hay ہ/Hay ہ22.jpg,14
/content/drive/MyDrive/train_image/Tay ت/Tay ت21.jpg,17
/content/drive/MyDrive/train_image/Djay ژ/Djay ژ7.jpg,3
/content/drive/MyDrive/train_image/Suaad ص/Suaad ص17.jpg,29
/content/drive/MyDrive/train_image/Quaaf ق/Quaaf ق5.jpg,11
/content/drive/MyDrive/train_image/Dhuaad ض/Dhuaad ض26.jpg,12
/content/drive/MyDrive/train_image/Bay ب/Bay ب9.jpg,21
/content/drive/MyDrive/train_image/Jeem ج/Jeem ج18.jpg,17
/content/drive/MyDrive/train_image/Pay پ/Pay پ22.jpg,18
/content/drive/MyDrive/train_image/Suaad ص/Suaad ص4.jpg,33
/content/drive/MyDrive/train_image/Hay ہ/Hay ہ15.jpg,16
/content/drive/MyDrive/train_image/Zoay_n ظ/Zoay_n ظ21.jpg,24
/content/drive/MyDrive/train_image/Dhaal ذ/Dhaal ذ25.jpg,1
/content/drive/MyDrive/train_image/Chay چ/Chay چ1.jpg,0
/content/drive/MyDrive/train_image/Ain ع/Ain ع5.jpg,33
/content/drive/MyDrive/train_image/Hay ہ/Hay ہ12.jpg,21
/content/drive/MyDrive/train_image/Meem م/Meem م14.jpg,0
/content/drive/MyDrive/train_image/Sheen ‎‎ش/Sheen ‎‎ش0.jpg,32
/content/drive/MyDrive/train_image/Aliph ا/Aliph ا8.jpg,36
/content/drive/MyDrive/train_image/Tey ٹ/Tey ٹ22.jpg,7
/content/drive/MyDrive/train_image/Bari yeh ے/Bari yeh ے0.jpg,13
/content/drive/MyDrive/train_image/Fay ف/Fay ف8.jpg,24
/content/drive/MyDrive/train_image/Djay ژ/Djay ژ18.jpg,20
/content/drive/MyDrive/train_image/Thay ث/Thay ث5.jpg,17
/content/drive/MyDrive/train_image/Kaaf ک/Kaaf ک20.jpg,28
/content/drive/MyDrive/train_image/Tay ت/Tay ت10.jpg,27
/content/drive/MyDrive/train_image/Bari yeh ے/Bari yeh ے15.jpg,20
/content/drive/MyDrive/train_image/Zoay_n ظ/Zoay_n ظ26.jpg,22
/content/drive/MyDrive/train_image/Gaaf گ/Gaaf گ2.jpg,15
/content/drive/MyDrive/train_image/hey ح/hey ح19.jpg,14
/content/drive/MyDrive/train_image/Ray ر/Ray ر25.jpg,2
/content/drive/MyDrive/train_image/Tey ٹ/Tey ٹ16.jpg,24
/content/drive/MyDrive/train_image/Quaaf ق/Quaaf ق26.jpg,11
/content/drive/MyDrive/train_image/Hamza ‍‌ء/Hamza ‍‌ء14.jpg,5
/content/drive/MyDrive/train_image/Ray ر/Ray ر15.jpg,24
/content/drive/MyDrive/train_image/Khay خ/Khay خ11.jpg,31
/content/drive/MyDrive/train_image/Daal ڈ/Daal ڈ20.jpg,2
/content/drive/MyDrive/train_image/Thay ث/Thay ث11.jpg,3
/content/drive/MyDrive/train_image/Aliph ا/Aliph ا25.jpg,12
/content/drive/MyDrive/train_image/Thay ث/Thay ث4.jpg,9
/content/drive/MyDrive/train_image/Quaaf ق/Quaaf ق22.jpg,27
/content/drive/MyDrive/train_image/Gaaf گ/Gaaf گ12.jpg,10
/content/drive/MyDrive/train_image/Djay ژ/Djay ژ6.jpg,20
/content/drive/MyDrive/train_image/Seen س/Seen س8.jpg,11
/content/drive/MyDrive/train_image/Daal ڈ/Daal ڈ23.jpg,13
/content/drive/MyDrive/train_image/Djay ژ/Djay ژ15.jpg,16
/content/drive/MyDrive/train_image/Dhaal ذ/Dhaal ذ17.jpg,10
/content/drive/MyDrive/train_image/Bari yeh ے/Bari yeh ے13.jpg,9
/content/drive/MyDrive/train_image/Ghain غ/Ghain غ5.jpg,7
/content/drive/MyDrive/train_image/Pay پ/Pay پ5.jpg,4
/content/drive/MyDrive/train_image/aRay ڑ/aRay ڑ4.jpg,35
/content/drive/MyDrive/train_image/Pay پ/Pay پ25.jpg,33
/content/drive/MyDrive/train_image/aRay ڑ/aRay ڑ3.jpg,29
/content/drive/MyDrive/train_image/Hamza ‍‌ء/Hamza ‍‌ء12.jpg,22
/content/drive/MyDrive/train_image/Daal  د/Daal  د14.jpg,29
/content/drive/MyDrive/train_image/Ray ر/Ray ر21.jpg,6
/content/drive/MyDrive/train_image/Zoay_n ظ/Zoay_n ظ10.jpg,27
/content/drive/MyDrive/train_image/Quaaf ق/Quaaf ق21.jpg,30
/content/drive/MyDrive/train_image/Fay ف/Fay ف0.jpg,35
/content/drive/MyDrive/train_image/Daal ڈ/Daal ڈ11.jpg,4
/content/drive/MyDrive/train_image/Chhoti yeh ی/Chhoti yeh ی3.jpg,13
/content/drive/MyDrive/train_image/Sheen ‎‎ش/Sheen ‎‎ش22.jpg,16
/content/drive/MyDrive/train_image/Noon ن/Noon ن20.jpg,15
/content/drive/MyDrive/train_image/Thay ث/Thay ث22.jpg,25
/content/drive/MyDrive/train_image/Tay ت/Tay ت4.jpg,4
/content/drive/MyDrive/train_image/Zay ز/Zay ز15.jpg,14
/content/drive/MyDrive/train_image/Daal ڈ/Daal ڈ22.jpg,33
/content/drive/MyDrive/train_image/Chhoti yeh ی/Chhoti yeh ی0.jpg,18
/content/drive/MyDrive/train_image/Meem م/Meem م5.jpg,12
/content/drive/MyDrive/train_image/Bari yeh ے/Bari yeh ے16.jpg,17
/content/drive/MyDrive/train_image/Bari yeh ے/Bari yeh ے22.jpg,30
/content/drive/MyDrive/train_image/Daal ڈ/Daal ڈ18.jpg,23
/content/drive/MyDrive/train_image/Chay چ/Chay چ3.jpg,35
/content/drive/MyDrive/train_image/Bay ب/Bay ب2.jpg,29
/content/drive/MyDrive/train_image/Djay ژ/Djay ژ21.jpg,6
/content/drive/MyDrive/train_image/Quaaf ق/Quaaf ق0.jpg,36
/content/drive/MyDrive/train_image/Fay ف/Fay ف11.jpg,8
/content/drive/MyDrive/train_image/Quaaf ق/Quaaf ق14.jpg,20
/content/drive/MyDrive/train_image/Bari yeh ے/Bari yeh ے12.jpg,22
/content/drive/MyDrive/train_image/Toay_n ط/Toay_n ط11.jpg,36
/content/drive/MyDrive/train_image/Daal ڈ/Daal ڈ7.jpg,20
/content/drive/MyDrive/train_image/Seen س/Seen س11.jpg,35
/content/drive/MyDrive/train_image/Bari yeh ے/Bari yeh ے3.jpg,5
/content/drive/MyDrive/train_image/Dhaal ذ/Dhaal ذ4.jpg,36
/content/drive/MyDrive/train_image/Bay ب/Bay ب7.jpg,15
/content/drive/MyDrive/train_image/Daal ڈ/Daal ڈ5.jpg,5
/content/drive/MyDrive/train_image/Ray ر/Ray ر23.jpg,19
/content/drive/MyDrive/train_image/Fay ف/Fay ف4.jpg,12
/content/drive/MyDrive/train_image/Suaad ص/Suaad ص18.jpg,18
/content/drive/MyDrive/train_image/hey ح/hey ح23.jpg,28
/content/drive/MyDrive/train_image/Fay ف/Fay ف7.jpg,23
/content/drive/MyDrive/train_image/aRay ڑ/aRay ڑ24.jpg,31
/content/drive/MyDrive/train_image/Dhaal ذ/Dhaal ذ20.jpg,7
/content/drive/MyDrive/train_image/Chay چ/Chay چ6.jpg,5
/content/drive/MyDrive/train_image/Bay ب/Bay ب12.jpg,32
/content/drive/MyDrive/train_image/Daal ڈ/Daal ڈ26.jpg,6
/content/drive/MyDrive/train_image/Vao و/Vao و18.jpg,17
/content/drive/MyDrive/train_image/Chhoti yeh ی/Chhoti yeh ی12.jpg,32
/content/drive/MyDrive/train_image/Dhaal ذ/Dhaal ذ3.jpg,9
/content/drive/MyDrive/train_image/Pay پ/Pay پ9.jpg,0
/content/drive/MyDrive/train_image/Suaad ص/Suaad ص20.jpg,12
/content/drive/MyDrive/train_image/Chay چ/Chay چ15.jpg,30
/content/drive/MyDrive/train_image/Ain ع/Ain ع3.jpg,6
/content/drive/MyDrive/train_image/Laam ل/Laam ل11.jpg,31
/content/drive/MyDrive/train_image/Tey ٹ/Tey ٹ0.jpg,12
/content/drive/MyDrive/train_image/Bay ب/Bay ب5.jpg,19
/content/drive/MyDrive/train_image/Ghain غ/Ghain غ21.jpg,26
/content/drive/MyDrive/train_image/Vao و/Vao و9.jpg,4
/content/drive/MyDrive/train_image/Meem م/Meem م1.jpg,25
/content/drive/MyDrive/train_image/Noon ن/Noon ن18.jpg,22
/content/drive/MyDrive/train_image/Chay چ/Chay چ0.jpg,26
/content/drive/MyDrive/train_image/Zay ز/Zay ز4.jpg,31
/content/drive/MyDrive/train_image/hey ح/hey ح0.jpg,16
/content/drive/MyDrive/train_image/Dhuaad ض/Dhuaad ض0.jpg,34
/content/drive/MyDrive/train_image/Tey ٹ/Tey ٹ11.jpg,11
/content/drive/MyDrive/train_image/hey ح/hey ح1.jpg,15
/content/drive/MyDrive/train_image/Tey ٹ/Tey ٹ26.jpg,0
/content/drive/MyDrive/train_image/Dhaal ذ/Dhaal ذ2.jpg,29
/content/drive/MyDrive/train_image/Ray ر/Ray ر12.jpg,10
/content/drive/MyDrive/train_image/Kaaf ک/Kaaf ک17.jpg,14
/content/drive/MyDrive/train_image/Vao و/Vao و17.jpg,1
/content/drive/MyDrive/train_image/Hamza ‍‌ء/Hamza ‍‌ء21.jpg,9
/content/drive/MyDrive/train_image/Noon ن/Noon ن8.jpg,24
/content/drive/MyDrive/train_image/Quaaf ق/Quaaf ق8.jpg,27
/content/drive/MyDrive/train_image/Gaaf گ/Gaaf گ14.jpg,18
/content/drive/MyDrive/train_image/aRay ڑ/aRay ڑ11.jpg,6
/content/drive/MyDrive/train_image/Hay ہ/Hay ہ16.jpg,15
/content/drive/MyDrive/train_image/Dhuaad ض/Dhuaad ض10.jpg,7
/content/drive/MyDrive/train_image/Khay خ/Khay خ25.jpg,13
/content/drive/MyDrive/train_image/Laam ل/Laam ل1.jpg,6
/content/drive/MyDrive/train_image/Chhoti yeh ی/Chhoti yeh ی24.jpg,22
/content/drive/MyDrive/train_image/Toay_n ط/Toay_n ط25.jpg,16
/content/drive/MyDrive/train_image/Suaad ص/Suaad ص21.jpg,15
/content/drive/MyDrive/train_image/Bay ب/Bay ب15.jpg,24
/content/drive/MyDrive/train_image/Toay_n ط/Toay_n ط12.jpg,20
/content/drive/MyDrive/train_image/aRay ڑ/aRay ڑ10.jpg,7
/content/drive/MyDrive/train_image/Khay خ/Khay خ19.jpg,31
/content/drive/MyDrive/train_image/Jeem ج/Jeem ج11.jpg,29
/content/drive/MyDrive/train_image/Daal ڈ/Daal ڈ10.jpg,8
/content/drive/MyDrive/train_image/Daal ڈ/Daal ڈ9.jpg,17
/content/drive/MyDrive/train_image/Gaaf گ/Gaaf گ17.jpg,28
/content/drive/MyDrive/train_image/Gaaf گ/Gaaf گ3.jpg,36
/content/drive/MyDrive/train_image/Noon ن/Noon ن19.jpg,5
/content/drive/MyDrive/train_image/Chay چ/Chay چ8.jpg,6
/content/drive/MyDrive/train_image/Meem م/Meem م13.jpg,8
/content/drive/MyDrive/train_image/Tey ٹ/Tey ٹ10.jpg,35
/content/drive/MyDrive/train_image/Khay خ/Khay خ5.jpg,11
/content/drive/MyDrive/train_image/Chhoti yeh ی/Chhoti yeh ی4.jpg,29
/content/drive/MyDrive/train_image/Gaaf گ/Gaaf گ4.jpg,32
/content/drive/MyDrive/train_image/Ray ر/Ray ر19.jpg,6
/content/drive/MyDrive/train_image/Tay ت/Tay ت8.jpg,24
/content/drive/MyDrive/train_image/Bay ب/Bay ب3.jpg,24
/content/drive/MyDrive/train_image/Quaaf ق/Quaaf ق20.jpg,8
/content/drive/MyDrive/train_image/Sheen ‎‎ش/Sheen ‎‎ش14.jpg,25
/content/drive/MyDrive/train_image/Hay ہ/Hay ہ13.jpg,2
/content/drive/MyDrive/train_image/Chhoti yeh ی/Chhoti yeh ی11.jpg,6
/content/drive/MyDrive/train_image/Pay پ/Pay پ19.jpg,14
/content/drive/MyDrive/train_image/Ray ر/Ray ر22.jpg,28
/content/drive/MyDrive/train_image/hey ح/hey ح9.jpg,35
/content/drive/MyDrive/train_image/Zay ز/Zay ز1.jpg,12
/content/drive/MyDrive/train_image/Chay چ/Chay چ23.jpg,9
/content/drive/MyDrive/train_image/Laam ل/Laam ل13.jpg,21
/content/drive/MyDrive/train_image/Vao و/Vao و16.jpg,34
/content/drive/MyDrive/train_image/Khay خ/Khay خ26.jpg,9
/content/drive/MyDrive/train_image/Suaad ص/Suaad ص10.jpg,34
/content/drive/MyDrive/train_image/Bari yeh ے/Bari yeh ے8.jpg,7
/content/drive/MyDrive/train_image/Bay ب/Bay ب24.jpg,35
/content/drive/MyDrive/train_image/Daal  د/Daal  د2.jpg,19
/content/drive/MyDrive/train_image/Ray ر/Ray ر5.jpg,2
/content/drive/MyDrive/train_image/Bari yeh ے/Bari yeh ے4.jpg,4
/content/drive/MyDrive/train_image/Daal ڈ/Daal ڈ14.jpg,12
/content/drive/MyDrive/train_image/Gaaf گ/Gaaf گ7.jpg,11
/content/drive/MyDrive/train_image/Djay ژ/Djay ژ20.jpg,34
/content/drive/MyDrive/train_image/Toay_n ط/Toay_n ط22.jpg,26
/content/drive/MyDrive/train_image/Sheen ‎‎ش/Sheen ‎‎ش7.jpg,26
/content/drive/MyDrive/train_image/Djay ژ/Djay ژ1.jpg,25
/content/drive/MyDrive/train_image/Dhuaad ض/Dhuaad ض9.jpg,36
/content/drive/MyDrive/train_image/Noon ن/Noon ن5.jpg,4
/content/drive/MyDrive/train_image/Laam ل/Laam ل16.jpg,29
/content/drive/MyDrive/train_image/Fay ف/Fay ف20.jpg,14
/content/drive/MyDrive/train_image/hey ح/hey ح5.jpg,25
/content/drive/MyDrive/train_image/Hamza ‍‌ء/Hamza ‍‌ء3.jpg,27
/content/drive/MyDrive/train_image/Sheen ‎‎ش/Sheen ‎‎ش20.jpg,14
/content/drive/MyDrive/train_image/Seen س/Seen س19.jpg,13
/content/drive/MyDrive/train_image/Daal  د/Daal  د21.jpg,11
/content/drive/MyDrive/train_image/Aliph ا/Aliph ا12.jpg,16
/content/drive/MyDrive/train_image/Laam ل/Laam ل19.jpg,34
/content/drive/MyDrive/train_image/Aliph ا/Aliph ا21.jpg,16
/content/drive/MyDrive/train_image/Djay ژ/Djay ژ17.jpg,14
/content/drive/MyDrive/train_image/Seen س/Seen س2.jpg,19
/content/drive/MyDrive/train_image/Hay ہ/Hay ہ2.jpg,8
/content/drive/MyDrive/train_image/Gaaf گ/Gaaf گ15.jpg,19
/content/drive/MyDrive/train_image/Vao و/Vao و3.jpg,0
/content/drive/MyDrive/train_image/Ray ر/Ray ر26.jpg,33
/content/drive/MyDrive/train_image/Djay ژ/Djay ژ4.jpg,34
/content/drive/MyDrive/train_image/Laam ل/Laam ل18.jpg,12
/content/drive/MyDrive/train_image/Bay ب/Bay ب26.jpg,28
/content/drive/MyDrive/train_image/Suaad ص/Suaad ص7.jpg,20
/content/drive/MyDrive/train_image/Bay ب/Bay ب11.jpg,6
/content/drive/MyDrive/train_image/Toay_n ط/Toay_n ط5.jpg,22
/content/drive/MyDrive/train_image/Thay ث/Thay ث0.jpg,15
/content/drive/MyDrive/train_image/Thay ث/Thay ث26.jpg,27
/content/drive/MyDrive/train_image/Laam ل/Laam ل26.jpg,8
/content/drive/MyDrive/train_image/hey ح/hey ح7.jpg,26
/content/drive/MyDrive/train_image/Ain ع/Ain ع26.jpg,34
/content/drive/MyDrive/train_image/Ain ع/Ain ع22.jpg,17
/content/drive/MyDrive/train_image/Dhuaad ض/Dhuaad ض6.jpg,13
/content/drive/MyDrive/train_image/Khay خ/Khay خ13.jpg,9
/content/drive/MyDrive/train_image/Ray ر/Ray ر18.jpg,10
/content/drive/MyDrive/train_image/Daal ڈ/Daal ڈ6.jpg,8
/content/drive/MyDrive/train_image/Fay ف/Fay ف26.jpg,30
/content/drive/MyDrive/train_image/hey ح/hey ح16.jpg,17
/content/drive/MyDrive/train_image/Seen س/Seen س20.jpg,17
/content/drive/MyDrive/train_image/Bay ب/Bay ب1.jpg,20
/content/drive/MyDrive/train_image/Quaaf ق/Quaaf ق12.jpg,12
/content/drive/MyDrive/train_image/Djay ژ/Djay ژ24.jpg,1
/content/drive/MyDrive/train_image/Pay پ/Pay پ12.jpg,34
/content/drive/MyDrive/train_image/Quaaf ق/Quaaf ق19.jpg,24
/content/drive/MyDrive/train_image/Khay خ/Khay خ24.jpg,27
/content/drive/MyDrive/train_image/Chay چ/Chay چ21.jpg,16
/content/drive/MyDrive/train_image/Daal  د/Daal  د13.jpg,0
/content/drive/MyDrive/train_image/Quaaf ق/Quaaf ق10.jpg,4
/content/drive/MyDrive/train_image/Pay پ/Pay پ14.jpg,11
/content/drive/MyDrive/train_image/Hamza ‍‌ء/Hamza ‍‌ء4.jpg,20
/content/drive/MyDrive/train_image/Tay ت/Tay ت13.jpg,23
/content/drive/MyDrive/train_image/Ghain غ/Ghain غ7.jpg,30
/content/drive/MyDrive/train_image/Vao و/Vao و8.jpg,4
/content/drive/MyDrive/train_image/Hamza ‍‌ء/Hamza ‍‌ء7.jpg,24
/content/drive/MyDrive/train_image/Jeem ج/Jeem ج7.jpg,8
/content/drive/MyDrive/train_image/Fay ف/Fay ف6.jpg,31
/content/drive/MyDrive/train_image/Dhaal ذ/Dhaal ذ16.jpg,7
/content/drive/MyDrive/train_image/Hay ہ/Hay ہ24.jpg,23
/content/drive/MyDrive/train_image/Khay خ/Khay خ3.jpg,35
/content/drive/MyDrive/train_image/Hamza ‍‌ء/Hamza ‍‌ء22.jpg,32
/content/drive/MyDrive/train_image/Ain ع/Ain ع6.jpg,25
/content/drive/MyDrive/train_image/Zay ز/Zay ز17.jpg,4
/content/drive/MyDrive/train_image/Jeem ج/Jeem ج15.jpg,30
/content/drive/MyDrive/train_image/Tay ت/Tay ت0.jpg,4
/content/drive/MyDrive/train_image/Dhuaad ض/Dhuaad ض21.jpg,32
/content/drive/MyDrive/train_image/Quaaf ق/Quaaf ق2.jpg,28
/content/drive/MyDrive/train_image/Dhaal ذ/Dhaal ذ1.jpg,21
/content/drive/MyDrive/train_image/Dhaal ذ/Dhaal ذ21.jpg,7
/content/drive/MyDrive/train_image/Gaaf گ/Gaaf گ8.jpg,31
/content/drive/MyDrive/train_image/Sheen ‎‎ش/Sheen ‎‎ش12.jpg,22
/content/drive/MyDrive/train_image/Zoay_n ظ/Zoay_n ظ13.jpg,6
/content/drive/MyDrive/train_image/Zoay_n ظ/Zoay_n ظ20.jpg,4
/content/drive/MyDrive/train_image/Zay ز/Zay ز2.jpg,29
/content/drive/MyDrive/train_image/Ghain غ/Ghain غ17.jpg,2
/content/drive/MyDrive/train_image/Aliph ا/Aliph ا4.jpg,3
/content/drive/MyDrive/train_image/Tey ٹ/Tey ٹ3.jpg,13
/content/drive/MyDrive/train_image/Seen س/Seen س7.jpg,30
/content/drive/MyDrive/train_image/Djay ژ/Djay ژ8.jpg,26
/content/drive/MyDrive/train_image/Tey ٹ/Tey ٹ25.jpg,24
/content/drive/MyDrive/train_image/Tey ٹ/Tey ٹ17.jpg,21
/content/drive/MyDrive/train_image/Djay ژ/Djay ژ12.jpg,32
/content/drive/MyDrive/train_image/Laam ل/Laam ل14.jpg,23
/content/drive/MyDrive/train_image/Thay ث/Thay ث14.jpg,36
/content/drive/MyDrive/train_image/Daal  د/Daal  د9.jpg,24
/content/drive/MyDrive/train_image/Suaad ص/Suaad ص13.jpg,0
/content/drive/MyDrive/train_image/Chhoti yeh ی/Chhoti yeh ی18.jpg,27
